exercise_slug,equipment_slug,is_required,is_alternative,difficulty_modifier
incline_pushup,bodyweight,true,false,0
incline_pushup,bench,false,false,-1
decline_pushup,bodyweight,true,false,0
decline_pushup,bench,false,false,0
diamond_pushup,bodyweight,true,false,0
wide_pushup,bodyweight,true,false,0
pike_pushup,bodyweight,true,false,0
wall_pushup,bodyweight,true,false,0
wall_pushup,wall,false,false,0
db_bench_press,dumbbells,true,false,0
db_bench_press,bench,false,false,0
db_shoulder_press,dumbbells,true,false,0
db_lateral_raise,dumbbells,true,false,0
db_lateral_raise,resistance_bands,false,true,0
db_front_raise,dumbbells,true,false,0
db_front_raise,resistance_bands,false,true,0
bb_bench_press,barbell,true,false,0
bb_bench_press,bench,false,false,0
bb_ohp,barbell,true,false,0
arnold_press,dumbbells,true,false,0
chest_dips,pull_dip_station,true,false,0
tricep_dips_chair,bodyweight,true,false,0
tricep_dips_chair,office_chair,false,false,0
tricep_dips_chair,bench,false,false,0
band_chest_press,resistance_bands,true,false,0
band_shoulder_press,resistance_bands,true,false,0
chinup,pullup_bar,true,false,0
negative_pullup,pullup_bar,true,false,0
db_single_arm_row,dumbbells,true,false,0
db_single_arm_row,bench,false,false,0
bb_bent_row,barbell,true,false,0
db_seated_row,dumbbells,true,false,0
face_pull,cable_machine,true,false,0
face_pull,resistance_bands,false,true,0
band_pull_apart,resistance_bands,true,false,0
db_bicep_curl,dumbbells,true,false,0
hammer_curl,dumbbells,true,false,0
band_row,resistance_bands,true,false,0
trx_row,trx,true,false,0
lat_pulldown,lat_pulldown,true,false,0
db_tricep_ext,dumbbells,true,false,0
goblet_squat,dumbbells,true,false,0
goblet_squat,kettlebell,false,true,0
bb_back_squat,barbell,true,false,0
bb_front_squat,barbell,true,false,0
bulgarian_split_squat,bodyweight,true,false,0
bulgarian_split_squat,dumbbells,false,false,1
bulgarian_split_squat,bench,false,false,0
forward_lunge,bodyweight,true,false,0
forward_lunge,dumbbells,false,false,1
reverse_lunge,bodyweight,true,false,0
reverse_lunge,dumbbells,false,false,1
lateral_lunge,bodyweight,true,false,0
lateral_lunge,dumbbells,false,false,1
step_up,steps,true,false,0
step_up,bodyweight,false,false,0
step_up,dumbbells,false,false,1
rdl,dumbbells,true,false,0
rdl,barbell,false,true,1
deadlift,barbell,true,false,0
sumo_deadlift,barbell,true,false,0
bb_hip_thrust,barbell,true,false,0
bb_hip_thrust,bench,false,false,0
calf_raise_standing,bodyweight,true,false,0
calf_raise_seated,bench,false,false,0
calf_raise_seated,bodyweight,true,false,0
single_leg_rdl,dumbbells,true,false,0
single_leg_rdl,bodyweight,false,true,-1
box_jump,steps,false,false,0
box_jump,bodyweight,true,false,0
jump_squat,bodyweight,true,false,0
side_plank,bodyweight,true,false,0
side_plank,yoga_mat,false,false,0
dead_bug,bodyweight,true,false,0
dead_bug,yoga_mat,false,false,0
hollow_body,bodyweight,true,false,0
mountain_climbers,bodyweight,true,false,0
bicycle_crunch,bodyweight,true,false,0
bicycle_crunch,yoga_mat,false,false,0
hanging_leg_raise,pullup_bar,true,false,0
reverse_crunch,bodyweight,true,false,0
reverse_crunch,yoga_mat,false,false,0
russian_twist,bodyweight,true,false,0
russian_twist,medicine_ball,false,false,1
ab_wheel_rollout,yoga_mat,false,false,0
pallof_press,cable_machine,true,false,0
pallof_press,resistance_bands,false,true,0
woodchopper,cable_machine,true,false,0
woodchopper,resistance_bands,false,true,0
high_knees,bodyweight,true,false,0
butt_kicks,bodyweight,true,false,0
jump_rope_basic,jump_rope,true,false,0
march_in_place,bodyweight,true,false,0
lateral_shuffle,bodyweight,true,false,0
box_step,steps,false,false,0
box_step,bodyweight,true,false,0
skater_hops,bodyweight,true,false,0
tuck_jump,bodyweight,true,false,0
plank_to_pushup,bodyweight,true,false,0
plank_to_pushup,yoga_mat,false,false,0
kb_swing,kettlebell,true,false,0
speed_skaters,bodyweight,true,false,0
explosive_pushup,bodyweight,true,false,0
downward_dog,bodyweight,true,false,0
downward_dog,yoga_mat,false,false,0
pigeon_pose,bodyweight,true,false,0
pigeon_pose,yoga_mat,false,false,0
kneeling_hip_flexor,bodyweight,true,false,0
kneeling_hip_flexor,yoga_mat,false,false,0
seated_hamstring,bodyweight,true,false,0
seated_hamstring,yoga_mat,false,false,0
standing_quad,bodyweight,true,false,0
chest_opener,bodyweight,true,false,0
thoracic_rotation,bodyweight,true,false,0
thoracic_rotation,yoga_mat,false,false,0
neck_rolls,bodyweight,true,false,0
figure_four,bodyweight,true,false,0
figure_four,yoga_mat,false,false,0
seated_spinal_twist,bodyweight,true,false,0
seated_spinal_twist,yoga_mat,false,false,0
clamshell,bodyweight,true,false,0
clamshell,resistance_bands,false,false,1
clamshell,yoga_mat,false,false,0
fire_hydrant,bodyweight,true,false,0
fire_hydrant,yoga_mat,false,false,0
seated_leg_ext,bodyweight,true,false,0
seated_leg_ext,office_chair,false,false,0
ankle_circles,bodyweight,true,false,0
shoulder_blade_squeeze,bodyweight,true,false,0
chin_tuck,bodyweight,true,false,0
wall_angels,bodyweight,true,false,0
wall_angels,wall,false,false,0
supine_hamstring,bodyweight,true,false,0
supine_hamstring,yoga_mat,false,false,0
pelvic_tilt,bodyweight,true,false,0
pelvic_tilt,yoga_mat,false,false,0
seated_marching,bodyweight,true,false,0
seated_marching,office_chair,false,false,0
seated_cat_cow,bodyweight,true,false,0
desk_pushup,bodyweight,true,false,0
chair_squat,bodyweight,true,false,0
chair_squat,office_chair,false,false,0
seated_core_squeeze,bodyweight,true,false,0
seated_core_squeeze,office_chair,false,false,0
wrist_flexor_stretch,bodyweight,true,false,0
shoulder_rolls,bodyweight,true,false,0
desk_calf_raise,bodyweight,true,false,0
seated_glute_squeeze,bodyweight,true,false,0
band_squat,resistance_bands,true,false,0
band_deadlift,resistance_bands,true,false,0
band_lateral_walk,resistance_bands,true,false,0
band_bicep_curl,resistance_bands,true,false,0
kb_goblet_squat,kettlebell,true,false,0
kb_deadlift,kettlebell,true,false,0
db_walking_lunge,dumbbells,true,false,0
db_step_up,dumbbells,true,false,0
db_step_up,steps,false,false,0
superman_hold,bodyweight,true,false,0
superman_hold,yoga_mat,false,false,0
prone_cobra,bodyweight,true,false,0
prone_cobra,yoga_mat,false,false,0
inchworm,bodyweight,true,false,0
bear_crawl,bodyweight,true,false,0
farmers_carry,dumbbells,true,false,0
farmers_carry,kettlebell,false,true,0
turkish_getup,kettlebell,true,false,0
turkish_getup,yoga_mat,false,false,0
lateral_band_walk,resistance_bands,true,false,0
single_leg_balance,bodyweight,true,false,0
sun_salutation_a,bodyweight,true,false,0
sun_salutation_a,yoga_mat,false,false,0
warrior_1,bodyweight,true,false,0
warrior_1,yoga_mat,false,false,0
warrior_2,bodyweight,true,false,0
warrior_2,yoga_mat,false,false,0
bridge_leg_ext,bodyweight,true,false,0
bridge_leg_ext,yoga_mat,false,false,0
sumo_squat_pulse,bodyweight,true,false,0
sumo_squat_pulse,dumbbells,false,false,1
foam_roll_tspine,foam_roller,true,false,0
foam_roll_quads,foam_roller,true,false,0
foam_roll_it_band,foam_roller,true,false,0
